artifact_id	experiment_id	original_path	external_path	type	size	sha256	status	notes
EXT-000001	RAPTOR-S1	runs/raptor_reintegration_smoke_20260705/build_cache_backup/px4_sitl_raptor_sih_stale_workspace_cache_20260705T003534/src/modules/uxrce_dds_client/src/libmicroxrceddsclient_project-build/microcdr/src/microcdr/CTestConfig.cmake	/mnt/nvme/px4_work/uav_sf_baton_external_20260712/runs/raptor_reintegration_smoke_20260705/build_cache_backup/px4_sitl_raptor_sih_stale_workspace_cache_20260705T003534/src/modules/uxrce_dds_client/src/libmicroxrceddsclient_project-build/microcdr/src/microcdr/CTestConfig.cmake	cmake	1081	fc9d3edc3d076a279d688fcd1e6ddb92ec3511ef69da24ca6f7d7b029b89f434	external_preserved	Git LFS unavailable; original bytes preserved outside repository
EXT-000002	RAPTOR-S1	runs/raptor_reintegration_smoke_20260705/build_cache_backup/px4_sitl_raptor_sih_stale_workspace_cache_20260705T003534/src/modules/uxrce_dds_client/src/libmicroxrceddsclient_project-build/microcdr/src/microcdr/README.md	/mnt/nvme/px4_work/uav_sf_baton_external_20260712/runs/raptor_reintegration_smoke_20260705/build_cache_backup/px4_sitl_raptor_sih_stale_workspace_cache_20260705T003534/src/modules/uxrce_dds_client/src/libmicroxrceddsclient_project-build/microcdr/src/microcdr/README.md	md	13106	5d65fb59711ce1df8c5a52726dd79339672c621eb6875097fb1780eb9f7c7f14	external_preserved	Git LFS unavailable; original bytes preserved outside repository
EXT-000003	RAPTOR-S1	runs/raptor_reintegration_smoke_20260705/build_cache_backup/px4_sitl_raptor_sih_stale_workspace_cache_20260705T003534/src/modules/uxrce_dds_client/src/libmicroxrceddsclient_project-build/microcdr/src/microcdr/LICENSE	/mnt/nvme/px4_work/uav_sf_baton_external_20260712/runs/raptor_reintegration_smoke_20260705/build_cache_backup/px4_sitl_raptor_sih_stale_workspace_cache_20260705T003534/src/modules/uxrce_dds_client/src/libmicroxrceddsclient_project-build/microcdr/src/microcdr/LICENSE	file	11358	cfc7749b96f63bd31c3c42b5c471bf756814053e847c10f3eb003417bc523d30	external_preserved	Git LFS unavailable; original bytes preserved outside repository
EXT-000004	RAPTOR-S1	runs/raptor_reintegration_smoke_20260705/build_cache_backup/px4_sitl_raptor_sih_stale_workspace_cache_20260705T003534/src/modules/uxrce_dds_client/src/libmicroxrceddsclient_project-build/microcdr/src/microcdr/valgrind.supp	/mnt/nvme/px4_work/uav_sf_baton_external_20260712/runs/raptor_reintegration_smoke_20260705/build_cache_backup/px4_sitl_raptor_sih_stale_workspace_cache_20260705T003534/src/modules/uxrce_dds_client/src/libmicroxrceddsclient_project-build/microcdr/src/microcdr/valgrind.supp	supp	251	18d3165d67ec48465c32cc4fc1c47b49c1c04231926b6c9baa6adb9b683569d4	external_preserved	Git LFS unavailable; original bytes preserved outside repository
EXT-000005	RAPTOR-S1	runs/raptor_reintegration_smoke_20260705/build_cache_backup/px4_sitl_raptor_sih_stale_workspace_cache_20260705T003534/src/modules/uxrce_dds_client/src/libmicroxrceddsclient_project-build/microcdr/src/microcdr/CONTRIBUTING.md	/mnt/nvme/px4_work/uav_sf_baton_external_20260712/runs/raptor_reintegration_smoke_20260705/build_cache_backup/px4_sitl_raptor_sih_stale_workspace_cache_20260705T003534/src/modules/uxrce_dds_client/src/libmicroxrceddsclient_project-build/microcdr/src/microcdr/CONTRIBUTING.md	md	1961	d5dab8b7d9c38fc03ae4ecde8cf21f433c860d692c5bf3ecc44b9349bf4f8fb7	external_preserved	Git LFS unavailable; original bytes preserved outside repository
EXT-000006	RAPTOR-S1	runs/raptor_reintegration_smoke_20260705/build_cache_backup/px4_sitl_raptor_sih_stale_workspace_cache_20260705T003534/src/modules/uxrce_dds_client/src/libmicroxrceddsclient_project-build/microcdr/src/microcdr/.gitignore	/mnt/nvme/px4_work/uav_sf_baton_external_20260712/runs/raptor_reintegration_smoke_20260705/build_cache_backup/px4_sitl_raptor_sih_stale_workspace_cache_20260705T003534/src/modules/uxrce_dds_client/src/libmicroxrceddsclient_project-build/microcdr/src/microcdr/.gitignore	file	80	4ffc0d2999c677e7348caf209d06c9e0c16c145e87d128c114ebd12f91f8f54c	external_preserved	Git LFS unavailable; original bytes preserved outside repository
EXT-000007	RAPTOR-S1	runs/raptor_reintegration_smoke_20260705/build_cache_backup/px4_sitl_raptor_sih_stale_workspace_cache_20260705T003534/src/modules/uxrce_dds_client/src/libmicroxrceddsclient_project-build/microcdr/src/microcdr/colcon.pkg	/mnt/nvme/px4_work/uav_sf_baton_external_20260712/runs/raptor_reintegration_smoke_20260705/build_cache_backup/px4_sitl_raptor_sih_stale_workspace_cache_20260705T003534/src/modules/uxrce_dds_client/src/libmicroxrceddsclient_project-build/microcdr/src/microcdr/colcon.pkg	pkg	112	6196c6e52ffc2eec0d630288026eec7d40732f0a932bab925824d842dfc352e2	external_preserved	Git LFS unavailable; original bytes preserved outside repository
EXT-000008	RAPTOR-S1	runs/raptor_reintegration_smoke_20260705/build_cache_backup/px4_sitl_raptor_sih_stale_workspace_cache_20260705T003534/src/modules/uxrce_dds_client/src/libmicroxrceddsclient_project-build/microcdr/src/microcdr/VERSIONING.md	/mnt/nvme/px4_work/uav_sf_baton_external_20260712/runs/raptor_reintegration_smoke_20260705/build_cache_backup/px4_sitl_raptor_sih_stale_workspace_cache_20260705T003534/src/modules/uxrce_dds_client/src/libmicroxrceddsclient_project-build/microcdr/src/microcdr/VERSIONING.md	md	537	123a92bec58b531d0e9622b6b28b69850c7203fe28cc7e5ef4c9dbdd7bfc3a3c	external_preserved	Git LFS unavailable; original bytes preserved outside repository
EXT-000009	RAPTOR-S1	runs/raptor_reintegration_smoke_20260705/build_cache_backup/px4_sitl_raptor_sih_stale_workspace_cache_20260705T003534/src/modules/uxrce_dds_client/src/libmicroxrceddsclient_project-build/microcdr/src/microcdr/PLATFORM_SUPPORT.md	/mnt/nvme/px4_work/uav_sf_baton_external_20260712/runs/raptor_reintegration_smoke_20260705/build_cache_backup/px4_sitl_raptor_sih_stale_workspace_cache_20260705T003534/src/modules/uxrce_dds_client/src/libmicroxrceddsclient_project-build/microcdr/src/microcdr/PLATFORM_SUPPORT.md	md	2300	84706fe03a4dea7986dca5b03e2a620edc604821aba50d53bd472cd32a9cf8b5	external_preserved	Git LFS unavailable; original bytes preserved outside repository
EXT-000010	RAPTOR-S1	runs/raptor_reintegration_smoke_20260705/build_cache_backup/px4_sitl_raptor_sih_stale_workspace_cache_20260705T003534/src/modules/uxrce_dds_client/src/libmicroxrceddsclient_project-build/microcdr/src/microcdr/QUALITY.md	/mnt/nvme/px4_work/uav_sf_baton_external_20260712/runs/raptor_reintegration_smoke_20260705/build_cache_backup/px4_sitl_raptor_sih_stale_workspace_cache_20260705T003534/src/modules/uxrce_dds_client/src/libmicroxrceddsclient_project-build/microcdr/src/microcdr/QUALITY.md	md	12108	dfcc298aea86ad83f96a7ef9c5120020f4f2631a5d50581a476f05140bd81219	external_preserved	Git LFS unavailable; original bytes preserved outside repository
EXT-000011	RAPTOR-S1	runs/raptor_reintegration_smoke_20260705/build_cache_backup/px4_sitl_raptor_sih_stale_workspace_cache_20260705T003534/src/modules/uxrce_dds_client/src/libmicroxrceddsclient_project-build/microcdr/src/microcdr/CMakeLists.txt	/mnt/nvme/px4_work/uav_sf_baton_external_20260712/runs/raptor_reintegration_smoke_20260705/build_cache_backup/px4_sitl_raptor_sih_stale_workspace_cache_20260705T003534/src/modules/uxrce_dds_client/src/libmicroxrceddsclient_project-build/microcdr/src/microcdr/CMakeLists.txt	txt	8540	d5ba4b458f0d3c8128aaeea74da6d8e4ee03cf2572f4dc8c8a6169379e8c6038	external_preserved	Git LFS unavailable; original bytes preserved outside repository
EXT-000012	RAPTOR-S1	runs/raptor_reintegration_smoke_20260705/build_cache_backup/px4_sitl_raptor_sih_stale_workspace_cache_20260705T003534/src/modules/uxrce_dds_client/src/libmicroxrceddsclient_project-build/microcdr/src/microcdr/.github/dco.yml	/mnt/nvme/px4_work/uav_sf_baton_external_20260712/runs/raptor_reintegration_smoke_20260705/build_cache_backup/px4_sitl_raptor_sih_stale_workspace_cache_20260705T003534/src/modules/uxrce_dds_client/src/libmicroxrceddsclient_project-build/microcdr/src/microcdr/.github/dco.yml	yml	25	1d4549a574f33e1c0bc12dcd9173f1995d5668424c131a9ce3a22cfce7d8a76e	external_preserved	Git LFS unavailable; original bytes preserved outside repository
EXT-000013	RAPTOR-S1	runs/raptor_reintegration_smoke_20260705/build_cache_backup/px4_sitl_raptor_sih_stale_workspace_cache_20260705T003534/src/modules/uxrce_dds_client/src/libmicroxrceddsclient_project-build/microcdr/src/microcdr/.github/workflows/codeql-analysis.yml	/mnt/nvme/px4_work/uav_sf_baton_external_20260712/runs/raptor_reintegration_smoke_20260705/build_cache_backup/px4_sitl_raptor_sih_stale_workspace_cache_20260705T003534/src/modules/uxrce_dds_client/src/libmicroxrceddsclient_project-build/microcdr/src/microcdr/.github/workflows/codeql-analysis.yml	yml	2373	91b4e0cd0e2e96fd2bac56987a4c2ddce1db2302efd5e643786e21679cded422	external_preserved	Git LFS unavailable; original bytes preserved outside repository
EXT-000014	RAPTOR-S1	runs/raptor_reintegration_smoke_20260705/build_cache_backup/px4_sitl_raptor_sih_stale_workspace_cache_20260705T003534/src/modules/uxrce_dds_client/src/libmicroxrceddsclient_project-build/microcdr/src/microcdr/examples/fragmentation/fragmentation.c	/mnt/nvme/px4_work/uav_sf_baton_external_20260712/runs/raptor_reintegration_smoke_20260705/build_cache_backup/px4_sitl_raptor_sih_stale_workspace_cache_20260705T003534/src/modules/uxrce_dds_client/src/libmicroxrceddsclient_project-build/microcdr/src/microcdr/examples/fragmentation/fragmentation.c	c	2599	7f0cd1c0e71f95d5286a84426240296bb7c620b8c5cd00d11443bc84debac591	external_preserved	Git LFS unavailable; original bytes preserved outside repository
EXT-000015	RAPTOR-S1	runs/raptor_reintegration_smoke_20260705/build_cache_backup/px4_sitl_raptor_sih_stale_workspace_cache_20260705T003534/src/modules/uxrce_dds_client/src/libmicroxrceddsclient_project-build/microcdr/src/microcdr/examples/fragmentation/CMakeLists.txt	/mnt/nvme/px4_work/uav_sf_baton_external_20260712/runs/raptor_reintegration_smoke_20260705/build_cache_backup/px4_sitl_raptor_sih_stale_workspace_cache_20260705T003534/src/modules/uxrce_dds_client/src/libmicroxrceddsclient_project-build/microcdr/src/microcdr/examples/fragmentation/CMakeLists.txt	txt	593	1e8fc058314bffd3c9e7c7054091bc22df8803b6f49172c641794240221f00da	external_preserved	Git LFS unavailable; original bytes preserved outside repository
EXT-000016	RAPTOR-S1	runs/raptor_reintegration_smoke_20260705/build_cache_backup/px4_sitl_raptor_sih_stale_workspace_cache_20260705T003534/src/modules/uxrce_dds_client/src/libmicroxrceddsclient_project-build/microcdr/src/microcdr/examples/basic/basic.c	/mnt/nvme/px4_work/uav_sf_baton_external_20260712/runs/raptor_reintegration_smoke_20260705/build_cache_backup/px4_sitl_raptor_sih_stale_workspace_cache_20260705T003534/src/modules/uxrce_dds_client/src/libmicroxrceddsclient_project-build/microcdr/src/microcdr/examples/basic/basic.c	c	1359	eb780cdb7f6d2a1ba7abd60f1624b3515de929860f8050a13af315b8084d5176	external_preserved	Git LFS unavailable; original bytes preserved outside repository
EXT-000017	RAPTOR-S1	runs/raptor_reintegration_smoke_20260705/build_cache_backup/px4_sitl_raptor_sih_stale_workspace_cache_20260705T003534/src/modules/uxrce_dds_client/src/libmicroxrceddsclient_project-build/microcdr/src/microcdr/examples/basic/CMakeLists.txt	/mnt/nvme/px4_work/uav_sf_baton_external_20260712/runs/raptor_reintegration_smoke_20260705/build_cache_backup/px4_sitl_raptor_sih_stale_workspace_cache_20260705T003534/src/modules/uxrce_dds_client/src/libmicroxrceddsclient_project-build/microcdr/src/microcdr/examples/basic/CMakeLists.txt	txt	577	d6c53fc2a10d1bc36cde17c8d241d72432b0a47fad8f4093569d61eac33cd25e	external_preserved	Git LFS unavailable; original bytes preserved outside repository
EXT-000018	RAPTOR-S1	runs/raptor_reintegration_smoke_20260705/build_cache_backup/px4_sitl_raptor_sih_stale_workspace_cache_20260705T003534/src/modules/uxrce_dds_client/src/libmicroxrceddsclient_project-build/microcdr/src/microcdr/include/ucdr/config.h.in	/mnt/nvme/px4_work/uav_sf_baton_external_20260712/runs/raptor_reintegration_smoke_20260705/build_cache_backup/px4_sitl_raptor_sih_stale_workspace_cache_20260705T003534/src/modules/uxrce_dds_client/src/libmicroxrceddsclient_project-build/microcdr/src/microcdr/include/ucdr/config.h.in	in	1038	d4816720ca9c4c690e41f89c67476b2f18d1feb7357b64c4f21a1bdc6b8f43d9	external_preserved	Git LFS unavailable; original bytes preserved outside repository
EXT-000019	RAPTOR-S1	runs/raptor_reintegration_smoke_20260705/build_cache_backup/px4_sitl_raptor_sih_stale_workspace_cache_20260705T003534/src/modules/uxrce_dds_client/src/libmicroxrceddsclient_project-build/microcdr/src/microcdr/include/ucdr/visibility.h	/mnt/nvme/px4_work/uav_sf_baton_external_20260712/runs/raptor_reintegration_smoke_20260705/build_cache_backup/px4_sitl_raptor_sih_stale_workspace_cache_20260705T003534/src/modules/uxrce_dds_client/src/libmicroxrceddsclient_project-build/microcdr/src/microcdr/include/ucdr/visibility.h	h	1027	04ecb28d4161c9970bf0c01b27ef211c000f9a031c4cffe001949e9478847500	external_preserved	Git LFS unavailable; original bytes preserved outside repository
EXT-000020	RAPTOR-S1	runs/raptor_reintegration_smoke_20260705/build_cache_backup/px4_sitl_raptor_sih_stale_workspace_cache_20260705T003534/src/modules/uxrce_dds_client/src/libmicroxrceddsclient_project-build/microcdr/src/microcdr/include/ucdr/microcdr.h	/mnt/nvme/px4_work/uav_sf_baton_external_20260712/runs/raptor_reintegration_smoke_20260705/build_cache_backup/px4_sitl_raptor_sih_stale_workspace_cache_20260705T003534/src/modules/uxrce_dds_client/src/libmicroxrceddsclient_project-build/microcdr/src/microcdr/include/ucdr/microcdr.h	h	7727	d62154cfc8b14237ed59d698df6c636b07f1bfbb15ba04ff1bc919ffa6dc20c3	external_preserved	Git LFS unavailable; original bytes preserved outside repository
EXT-000021	RAPTOR-S1	runs/raptor_reintegration_smoke_20260705/build_cache_backup/px4_sitl_raptor_sih_stale_workspace_cache_20260705T003534/src/modules/uxrce_dds_client/src/libmicroxrceddsclient_project-build/microcdr/src/microcdr/cmake/SuperBuild.cmake	/mnt/nvme/px4_work/uav_sf_baton_external_20260712/runs/raptor_reintegration_smoke_20260705/build_cache_backup/px4_sitl_raptor_sih_stale_workspace_cache_20260705T003534/src/modules/uxrce_dds_client/src/libmicroxrceddsclient_project-build/microcdr/src/microcdr/cmake/SuperBuild.cmake	cmake	3153	9cc76f92c64d5d611beb469e8935f7979e233e7e9822d08bf46b5c397ae18330	external_preserved	Git LFS unavailable; original bytes preserved outside repository
EXT-000022	RAPTOR-S1	runs/raptor_reintegration_smoke_20260705/build_cache_backup/px4_sitl_raptor_sih_stale_workspace_cache_20260705T003534/src/modules/uxrce_dds_client/src/libmicroxrceddsclient_project-build/microcdr/src/microcdr/cmake/common/eprosima_libraries.cmake	/mnt/nvme/px4_work/uav_sf_baton_external_20260712/runs/raptor_reintegration_smoke_20260705/build_cache_backup/px4_sitl_raptor_sih_stale_workspace_cache_20260705T003534/src/modules/uxrce_dds_client/src/libmicroxrceddsclient_project-build/microcdr/src/microcdr/cmake/common/eprosima_libraries.cmake	cmake	4252	5ecd62515ad43e06c0deb3b3e93f286b5016306edcaa1d6ed830ac1b4efc5e91	external_preserved	Git LFS unavailable; original bytes preserved outside repository
EXT-000023	RAPTOR-S1	runs/raptor_reintegration_smoke_20260705/build_cache_backup/px4_sitl_raptor_sih_stale_workspace_cache_20260705T003534/src/modules/uxrce_dds_client/src/libmicroxrceddsclient_project-build/microcdr/src/microcdr/cmake/common/check_configuration.cmake	/mnt/nvme/px4_work/uav_sf_baton_external_20260712/runs/raptor_reintegration_smoke_20260705/build_cache_backup/px4_sitl_raptor_sih_stale_workspace_cache_20260705T003534/src/modules/uxrce_dds_client/src/libmicroxrceddsclient_project-build/microcdr/src/microcdr/cmake/common/check_configuration.cmake	cmake	5324	a1ebb7d63badac88d64a1cba1a007775e217a75521a0f8a7f00629122825033b	external_preserved	Git LFS unavailable; original bytes preserved outside repository
EXT-000024	RAPTOR-S1	runs/raptor_reintegration_smoke_20260705/build_cache_backup/px4_sitl_raptor_sih_stale_workspace_cache_20260705T003534/src/modules/uxrce_dds_client/src/libmicroxrceddsclient_project-build/microcdr/src/microcdr/cmake/common/gtest.cmake	/mnt/nvme/px4_work/uav_sf_baton_external_20260712/runs/raptor_reintegration_smoke_20260705/build_cache_backup/px4_sitl_raptor_sih_stale_workspace_cache_20260705T003534/src/modules/uxrce_dds_client/src/libmicroxrceddsclient_project-build/microcdr/src/microcdr/cmake/common/gtest.cmake	cmake	7343	6f014b5ecd00c464e245f67504cadc4297f26ebe541f8679cfb72796a0ae5558	external_preserved	Git LFS unavailable; original bytes preserved outside repository
EXT-000025	RAPTOR-S1	runs/raptor_reintegration_smoke_20260705/build_cache_backup/px4_sitl_raptor_sih_stale_workspace_cache_20260705T003534/src/modules/uxrce_dds_client/src/libmicroxrceddsclient_project-build/microcdr/src/microcdr/cmake/packaging/Config.cmake.in	/mnt/nvme/px4_work/uav_sf_baton_external_20260712/runs/raptor_reintegration_smoke_20260705/build_cache_backup/px4_sitl_raptor_sih_stale_workspace_cache_20260705T003534/src/modules/uxrce_dds_client/src/libmicroxrceddsclient_project-build/microcdr/src/microcdr/cmake/packaging/Config.cmake.in	in	1114	4b10265e6a74d4b2c250cebf081ee312d8c85c9cdf3cab6d9f34c8e867a142a5	external_preserved	Git LFS unavailable; original bytes preserved outside repository
EXT-000026	RAPTOR-S1	runs/raptor_reintegration_smoke_20260705/build_cache_backup/px4_sitl_raptor_sih_stale_workspace_cache_20260705T003534/src/modules/uxrce_dds_client/src/libmicroxrceddsclient_project-build/microcdr/src/microcdr/.git/description	/mnt/nvme/px4_work/uav_sf_baton_external_20260712/runs/raptor_reintegration_smoke_20260705/build_cache_backup/px4_sitl_raptor_sih_stale_workspace_cache_20260705T003534/src/modules/uxrce_dds_client/src/libmicroxrceddsclient_project-build/microcdr/src/microcdr/.git/description	file	73	85ab6c163d43a17ea9cf7788308bca1466f1b0a8d1cc92e26e9bf63da4062aee	external_preserved	Git LFS unavailable; original bytes preserved outside repository
EXT-000027	RAPTOR-S1	runs/raptor_reintegration_smoke_20260705/build_cache_backup/px4_sitl_raptor_sih_stale_workspace_cache_20260705T003534/src/modules/uxrce_dds_client/src/libmicroxrceddsclient_project-build/microcdr/src/microcdr/.git/HEAD	/mnt/nvme/px4_work/uav_sf_baton_external_20260712/runs/raptor_reintegration_smoke_20260705/build_cache_backup/px4_sitl_raptor_sih_stale_workspace_cache_20260705T003534/src/modules/uxrce_dds_client/src/libmicroxrceddsclient_project-build/microcdr/src/microcdr/.git/HEAD	file	41	f1945ad41e5172b3c2cdbab38ad22597c2d8e7fb28f21a8c7b2afe7bd264285e	external_preserved	Git LFS unavailable; original bytes preserved outside repository
EXT-000028	RAPTOR-S1	runs/raptor_reintegration_smoke_20260705/build_cache_backup/px4_sitl_raptor_sih_stale_workspace_cache_20260705T003534/src/modules/uxrce_dds_client/src/libmicroxrceddsclient_project-build/microcdr/src/microcdr/.git/config	/mnt/nvme/px4_work/uav_sf_baton_external_20260712/runs/raptor_reintegration_smoke_20260705/build_cache_backup/px4_sitl_raptor_sih_stale_workspace_cache_20260705T003534/src/modules/uxrce_dds_client/src/libmicroxrceddsclient_project-build/microcdr/src/microcdr/.git/config	file	297	46e7b34374d2b2a2d494fd7a48534c35ea2f055c984f8f953a19e5aab454e5db	external_preserved	Git LFS unavailable; original bytes preserved outside repository
EXT-000029	RAPTOR-S1	runs/raptor_reintegration_smoke_20260705/build_cache_backup/px4_sitl_raptor_sih_stale_workspace_cache_20260705T003534/src/modules/uxrce_dds_client/src/libmicroxrceddsclient_project-build/microcdr/src/microcdr/.git/index	/mnt/nvme/px4_work/uav_sf_baton_external_20260712/runs/raptor_reintegration_smoke_20260705/build_cache_backup/px4_sitl_raptor_sih_stale_workspace_cache_20260705T003534/src/modules/uxrce_dds_client/src/libmicroxrceddsclient_project-build/microcdr/src/microcdr/.git/index	file	6639	8d90b54c5d3deab78151a5a49e015396c572e77c3923d794c0e228e6ec579fe8	external_preserved	Git LFS unavailable; original bytes preserved outside repository
EXT-000030	RAPTOR-S1	runs/raptor_reintegration_smoke_20260705/build_cache_backup/px4_sitl_raptor_sih_stale_workspace_cache_20260705T003534/src/modules/uxrce_dds_client/src/libmicroxrceddsclient_project-build/microcdr/src/microcdr/.git/packed-refs	/mnt/nvme/px4_work/uav_sf_baton_external_20260712/runs/raptor_reintegration_smoke_20260705/build_cache_backup/px4_sitl_raptor_sih_stale_workspace_cache_20260705T003534/src/modules/uxrce_dds_client/src/libmicroxrceddsclient_project-build/microcdr/src/microcdr/.git/packed-refs	file	1382	b9ac5422dbb81fbe6657edbd4dc489e3bd9af3f4d2cdda465cc9d6fdd8f1110b	external_preserved	Git LFS unavailable; original bytes preserved outside repository
EXT-000031	RAPTOR-S1	runs/raptor_reintegration_smoke_20260705/build_cache_backup/px4_sitl_raptor_sih_stale_workspace_cache_20260705T003534/src/modules/uxrce_dds_client/src/libmicroxrceddsclient_project-build/microcdr/src/microcdr/.git/info/exclude	/mnt/nvme/px4_work/uav_sf_baton_external_20260712/runs/raptor_reintegration_smoke_20260705/build_cache_backup/px4_sitl_raptor_sih_stale_workspace_cache_20260705T003534/src/modules/uxrce_dds_client/src/libmicroxrceddsclient_project-build/microcdr/src/microcdr/.git/info/exclude	file	240	6671fe83b7a07c8932ee89164d1f2793b2318058eb8b98dc5c06ee0a5a3b0ec1	external_preserved	Git LFS unavailable; original bytes preserved outside repository
EXT-000032	RAPTOR-S1	runs/raptor_reintegration_smoke_20260705/build_cache_backup/px4_sitl_raptor_sih_stale_workspace_cache_20260705T003534/src/modules/uxrce_dds_client/src/libmicroxrceddsclient_project-build/microcdr/src/microcdr/.git/objects/pack/pack-8be766b69727e486074f4103ff293cad3b82aa52.idx	/mnt/nvme/px4_work/uav_sf_baton_external_20260712/runs/raptor_reintegration_smoke_20260705/build_cache_backup/px4_sitl_raptor_sih_stale_workspace_cache_20260705T003534/src/modules/uxrce_dds_client/src/libmicroxrceddsclient_project-build/microcdr/src/microcdr/.git/objects/pack/pack-8be766b69727e486074f4103ff293cad3b82aa52.idx	idx	51360	7c6da3c11098c0b5aa8409d447c0baf6dd5af58bfaf0546d3c0570a6f94b39c1	external_preserved	Git LFS unavailable; original bytes preserved outside repository
EXT-000033	RAPTOR-S1	runs/raptor_reintegration_smoke_20260705/build_cache_backup/px4_sitl_raptor_sih_stale_workspace_cache_20260705T003534/src/modules/uxrce_dds_client/src/libmicroxrceddsclient_project-build/microcdr/src/microcdr/.git/objects/pack/pack-8be766b69727e486074f4103ff293cad3b82aa52.rev	/mnt/nvme/px4_work/uav_sf_baton_external_20260712/runs/raptor_reintegration_smoke_20260705/build_cache_backup/px4_sitl_raptor_sih_stale_workspace_cache_20260705T003534/src/modules/uxrce_dds_client/src/libmicroxrceddsclient_project-build/microcdr/src/microcdr/.git/objects/pack/pack-8be766b69727e486074f4103ff293cad3b82aa52.rev	rev	7236	696a832c089f8b60c2bc0b29f222f58e1c1c085ff0ab60668659825f17a91a9b	external_preserved	Git LFS unavailable; original bytes preserved outside repository
EXT-000034	RAPTOR-S1	runs/raptor_reintegration_smoke_20260705/build_cache_backup/px4_sitl_raptor_sih_stale_workspace_cache_20260705T003534/src/modules/uxrce_dds_client/src/libmicroxrceddsclient_project-build/microcdr/src/microcdr/.git/objects/pack/pack-8be766b69727e486074f4103ff293cad3b82aa52.pack	/mnt/nvme/px4_work/uav_sf_baton_external_20260712/runs/raptor_reintegration_smoke_20260705/build_cache_backup/px4_sitl_raptor_sih_stale_workspace_cache_20260705T003534/src/modules/uxrce_dds_client/src/libmicroxrceddsclient_project-build/microcdr/src/microcdr/.git/objects/pack/pack-8be766b69727e486074f4103ff293cad3b82aa52.pack	pack	762670	faac5233ba14affe7853fc389f127dbddc9c8fe00f57f1babdc1279e603222aa	external_preserved	Git LFS unavailable; original bytes preserved outside repository
EXT-000035	RAPTOR-S1	runs/raptor_reintegration_smoke_20260705/build_cache_backup/px4_sitl_raptor_sih_stale_workspace_cache_20260705T003534/src/modules/uxrce_dds_client/src/libmicroxrceddsclient_project-build/microcdr/src/microcdr/.git/refs/heads/master	/mnt/nvme/px4_work/uav_sf_baton_external_20260712/runs/raptor_reintegration_smoke_20260705/build_cache_backup/px4_sitl_raptor_sih_stale_workspace_cache_20260705T003534/src/modules/uxrce_dds_client/src/libmicroxrceddsclient_project-build/microcdr/src/microcdr/.git/refs/heads/master	file	41	5a7a1d6422a76a8eb61c4f0d4b8af83bd67ea02e1c49ed3c7e0f4d28d8e7a290	external_preserved	Git LFS unavailable; original bytes preserved outside repository
EXT-000036	RAPTOR-S1	runs/raptor_reintegration_smoke_20260705/build_cache_backup/px4_sitl_raptor_sih_stale_workspace_cache_20260705T003534/src/modules/uxrce_dds_client/src/libmicroxrceddsclient_project-build/microcdr/src/microcdr/.git/refs/remotes/origin/HEAD	/mnt/nvme/px4_work/uav_sf_baton_external_20260712/runs/raptor_reintegration_smoke_20260705/build_cache_backup/px4_sitl_raptor_sih_stale_workspace_cache_20260705T003534/src/modules/uxrce_dds_client/src/libmicroxrceddsclient_project-build/microcdr/src/microcdr/.git/refs/remotes/origin/HEAD	file	32	cdc65e67690c4c6475174e5ec662b70655246a2f3924354778835ab3be70aa76	external_preserved	Git LFS unavailable; original bytes preserved outside repository
EXT-000037	RAPTOR-S1	runs/raptor_reintegration_smoke_20260705/build_cache_backup/px4_sitl_raptor_sih_stale_workspace_cache_20260705T003534/src/modules/uxrce_dds_client/src/libmicroxrceddsclient_project-build/microcdr/src/microcdr/.git/hooks/pre-push.sample	/mnt/nvme/px4_work/uav_sf_baton_external_20260712/runs/raptor_reintegration_smoke_20260705/build_cache_backup/px4_sitl_raptor_sih_stale_workspace_cache_20260705T003534/src/modules/uxrce_dds_client/src/libmicroxrceddsclient_project-build/microcdr/src/microcdr/.git/hooks/pre-push.sample	sample	1374	ecce9c7e04d3f5dd9d8ada81753dd1d549a9634b26770042b58dda00217d086a	external_preserved	Git LFS unavailable; original bytes preserved outside repository
EXT-000038	RAPTOR-S1	runs/raptor_reintegration_smoke_20260705/build_cache_backup/px4_sitl_raptor_sih_stale_workspace_cache_20260705T003534/src/modules/uxrce_dds_client/src/libmicroxrceddsclient_project-build/microcdr/src/microcdr/.git/hooks/fsmonitor-watchman.sample	/mnt/nvme/px4_work/uav_sf_baton_external_20260712/runs/raptor_reintegration_smoke_20260705/build_cache_backup/px4_sitl_raptor_sih_stale_workspace_cache_20260705T003534/src/modules/uxrce_dds_client/src/libmicroxrceddsclient_project-build/microcdr/src/microcdr/.git/hooks/fsmonitor-watchman.sample	sample	4726	e0549964e93897b519bd8e333c037e51fff0f88ba13e086a331592bf801fa1d0	external_preserved	Git LFS unavailable; original bytes preserved outside repository
EXT-000039	RAPTOR-S1	runs/raptor_reintegration_smoke_20260705/build_cache_backup/px4_sitl_raptor_sih_stale_workspace_cache_20260705T003534/src/modules/uxrce_dds_client/src/libmicroxrceddsclient_project-build/microcdr/src/microcdr/.git/hooks/pre-receive.sample	/mnt/nvme/px4_work/uav_sf_baton_external_20260712/runs/raptor_reintegration_smoke_20260705/build_cache_backup/px4_sitl_raptor_sih_stale_workspace_cache_20260705T003534/src/modules/uxrce_dds_client/src/libmicroxrceddsclient_project-build/microcdr/src/microcdr/.git/hooks/pre-receive.sample	sample	544	a4c3d2b9c7bb3fd8d1441c31bd4ee71a595d66b44fcf49ddb310252320169989	external_preserved	Git LFS unavailable; original bytes preserved outside repository
EXT-000040	RAPTOR-S1	runs/raptor_reintegration_smoke_20260705/build_cache_backup/px4_sitl_raptor_sih_stale_workspace_cache_20260705T003534/src/modules/uxrce_dds_client/src/libmicroxrceddsclient_project-build/microcdr/src/microcdr/.git/hooks/pre-rebase.sample	/mnt/nvme/px4_work/uav_sf_baton_external_20260712/runs/raptor_reintegration_smoke_20260705/build_cache_backup/px4_sitl_raptor_sih_stale_workspace_cache_20260705T003534/src/modules/uxrce_dds_client/src/libmicroxrceddsclient_project-build/microcdr/src/microcdr/.git/hooks/pre-rebase.sample	sample	4898	4febce867790052338076f4e66cc47efb14879d18097d1d61c8261859eaaa7b3	external_preserved	Git LFS unavailable; original bytes preserved outside repository
EXT-000041	RAPTOR-S1	runs/raptor_reintegration_smoke_20260705/build_cache_backup/px4_sitl_raptor_sih_stale_workspace_cache_20260705T003534/src/modules/uxrce_dds_client/src/libmicroxrceddsclient_project-build/microcdr/src/microcdr/.git/hooks/pre-commit.sample	/mnt/nvme/px4_work/uav_sf_baton_external_20260712/runs/raptor_reintegration_smoke_20260705/build_cache_backup/px4_sitl_raptor_sih_stale_workspace_cache_20260705T003534/src/modules/uxrce_dds_client/src/libmicroxrceddsclient_project-build/microcdr/src/microcdr/.git/hooks/pre-commit.sample	sample	1643	f9af7d95eb1231ecf2eba9770fedfa8d4797a12b02d7240e98d568201251244a	external_preserved	Git LFS unavailable; original bytes preserved outside repository
EXT-000042	RAPTOR-S1	runs/raptor_reintegration_smoke_20260705/build_cache_backup/px4_sitl_raptor_sih_stale_workspace_cache_20260705T003534/src/modules/uxrce_dds_client/src/libmicroxrceddsclient_project-build/microcdr/src/microcdr/.git/hooks/commit-msg.sample	/mnt/nvme/px4_work/uav_sf_baton_external_20260712/runs/raptor_reintegration_smoke_20260705/build_cache_backup/px4_sitl_raptor_sih_stale_workspace_cache_20260705T003534/src/modules/uxrce_dds_client/src/libmicroxrceddsclient_project-build/microcdr/src/microcdr/.git/hooks/commit-msg.sample	sample	896	1f74d5e9292979b573ebd59741d46cb93ff391acdd083d340b94370753d92437	external_preserved	Git LFS unavailable; original bytes preserved outside repository
EXT-000043	RAPTOR-S1	runs/raptor_reintegration_smoke_20260705/build_cache_backup/px4_sitl_raptor_sih_stale_workspace_cache_20260705T003534/src/modules/uxrce_dds_client/src/libmicroxrceddsclient_project-build/microcdr/src/microcdr/.git/hooks/applypatch-msg.sample	/mnt/nvme/px4_work/uav_sf_baton_external_20260712/runs/raptor_reintegration_smoke_20260705/build_cache_backup/px4_sitl_raptor_sih_stale_workspace_cache_20260705T003534/src/modules/uxrce_dds_client/src/libmicroxrceddsclient_project-build/microcdr/src/microcdr/.git/hooks/applypatch-msg.sample	sample	478	0223497a0b8b033aa58a3a521b8629869386cf7ab0e2f101963d328aa62193f7	external_preserved	Git LFS unavailable; original bytes preserved outside repository
EXT-000044	RAPTOR-S1	runs/raptor_reintegration_smoke_20260705/build_cache_backup/px4_sitl_raptor_sih_stale_workspace_cache_20260705T003534/src/modules/uxrce_dds_client/src/libmicroxrceddsclient_project-build/microcdr/src/microcdr/.git/hooks/sendemail-validate.sample	/mnt/nvme/px4_work/uav_sf_baton_external_20260712/runs/raptor_reintegration_smoke_20260705/build_cache_backup/px4_sitl_raptor_sih_stale_workspace_cache_20260705T003534/src/modules/uxrce_dds_client/src/libmicroxrceddsclient_project-build/microcdr/src/microcdr/.git/hooks/sendemail-validate.sample	sample	2308	44ebfc923dc5466bc009602f0ecf067b9c65459abfe8868ddc49b78e6ced7a92	external_preserved	Git LFS unavailable; original bytes preserved outside repository
EXT-000045	RAPTOR-S1	runs/raptor_reintegration_smoke_20260705/build_cache_backup/px4_sitl_raptor_sih_stale_workspace_cache_20260705T003534/src/modules/uxrce_dds_client/src/libmicroxrceddsclient_project-build/microcdr/src/microcdr/.git/hooks/push-to-checkout.sample	/mnt/nvme/px4_work/uav_sf_baton_external_20260712/runs/raptor_reintegration_smoke_20260705/build_cache_backup/px4_sitl_raptor_sih_stale_workspace_cache_20260705T003534/src/modules/uxrce_dds_client/src/libmicroxrceddsclient_project-build/microcdr/src/microcdr/.git/hooks/push-to-checkout.sample	sample	2783	a53d0741798b287c6dd7afa64aee473f305e65d3f49463bb9d7408ec3b12bf5f	external_preserved	Git LFS unavailable; original bytes preserved outside repository
EXT-000046	RAPTOR-S1	runs/raptor_reintegration_smoke_20260705/build_cache_backup/px4_sitl_raptor_sih_stale_workspace_cache_20260705T003534/src/modules/uxrce_dds_client/src/libmicroxrceddsclient_project-build/microcdr/src/microcdr/.git/hooks/post-update.sample	/mnt/nvme/px4_work/uav_sf_baton_external_20260712/runs/raptor_reintegration_smoke_20260705/build_cache_backup/px4_sitl_raptor_sih_stale_workspace_cache_20260705T003534/src/modules/uxrce_dds_client/src/libmicroxrceddsclient_project-build/microcdr/src/microcdr/.git/hooks/post-update.sample	sample	189	81765af2daef323061dcbc5e61fc16481cb74b3bac9ad8a174b186523586f6c5	external_preserved	Git LFS unavailable; original bytes preserved outside repository
EXT-000047	RAPTOR-S1	runs/raptor_reintegration_smoke_20260705/build_cache_backup/px4_sitl_raptor_sih_stale_workspace_cache_20260705T003534/src/modules/uxrce_dds_client/src/libmicroxrceddsclient_project-build/microcdr/src/microcdr/.git/hooks/pre-applypatch.sample	/mnt/nvme/px4_work/uav_sf_baton_external_20260712/runs/raptor_reintegration_smoke_20260705/build_cache_backup/px4_sitl_raptor_sih_stale_workspace_cache_20260705T003534/src/modules/uxrce_dds_client/src/libmicroxrceddsclient_project-build/microcdr/src/microcdr/.git/hooks/pre-applypatch.sample	sample	424	e15c5b469ea3e0a695bea6f2c82bcf8e62821074939ddd85b77e0007ff165475	external_preserved	Git LFS unavailable; original bytes preserved outside repository
EXT-000048	RAPTOR-S1	runs/raptor_reintegration_smoke_20260705/build_cache_backup/px4_sitl_raptor_sih_stale_workspace_cache_20260705T003534/src/modules/uxrce_dds_client/src/libmicroxrceddsclient_project-build/microcdr/src/microcdr/.git/hooks/update.sample	/mnt/nvme/px4_work/uav_sf_baton_external_20260712/runs/raptor_reintegration_smoke_20260705/build_cache_backup/px4_sitl_raptor_sih_stale_workspace_cache_20260705T003534/src/modules/uxrce_dds_client/src/libmicroxrceddsclient_project-build/microcdr/src/microcdr/.git/hooks/update.sample	sample	3650	8d5f2fa83e103cf08b57eaa67521df9194f45cbdbcb37da52ad586097a14d106	external_preserved	Git LFS unavailable; original bytes preserved outside repository
EXT-000049	RAPTOR-S1	runs/raptor_reintegration_smoke_20260705/build_cache_backup/px4_sitl_raptor_sih_stale_workspace_cache_20260705T003534/src/modules/uxrce_dds_client/src/libmicroxrceddsclient_project-build/microcdr/src/microcdr/.git/hooks/pre-merge-commit.sample	/mnt/nvme/px4_work/uav_sf_baton_external_20260712/runs/raptor_reintegration_smoke_20260705/build_cache_backup/px4_sitl_raptor_sih_stale_workspace_cache_20260705T003534/src/modules/uxrce_dds_client/src/libmicroxrceddsclient_project-build/microcdr/src/microcdr/.git/hooks/pre-merge-commit.sample	sample	416	d3825a70337940ebbd0a5c072984e13245920cdf8898bd225c8d27a6dfc9cb53	external_preserved	Git LFS unavailable; original bytes preserved outside repository
EXT-000050	RAPTOR-S1	runs/raptor_reintegration_smoke_20260705/build_cache_backup/px4_sitl_raptor_sih_stale_workspace_cache_20260705T003534/src/modules/uxrce_dds_client/src/libmicroxrceddsclient_project-build/microcdr/src/microcdr/.git/hooks/prepare-commit-msg.sample	/mnt/nvme/px4_work/uav_sf_baton_external_20260712/runs/raptor_reintegration_smoke_20260705/build_cache_backup/px4_sitl_raptor_sih_stale_workspace_cache_20260705T003534/src/modules/uxrce_dds_client/src/libmicroxrceddsclient_project-build/microcdr/src/microcdr/.git/hooks/prepare-commit-msg.sample	sample	1492	e9ddcaa4189fddd25ed97fc8c789eca7b6ca16390b2392ae3276f0c8e1aa4619	external_preserved	Git LFS unavailable; original bytes preserved outside repository
EXT-000051	RAPTOR-S1	runs/raptor_reintegration_smoke_20260705/build_cache_backup/px4_sitl_raptor_sih_stale_workspace_cache_20260705T003534/src/modules/uxrce_dds_client/src/libmicroxrceddsclient_project-build/microcdr/src/microcdr/.git/logs/HEAD	/mnt/nvme/px4_work/uav_sf_baton_external_20260712/runs/raptor_reintegration_smoke_20260705/build_cache_backup/px4_sitl_raptor_sih_stale_workspace_cache_20260705T003534/src/modules/uxrce_dds_client/src/libmicroxrceddsclient_project-build/microcdr/src/microcdr/.git/logs/HEAD	file	339	cc6e0e1436e3c1b68b4ee334416101aa6a179a717f97b34891edf0aaab4beec7	external_preserved	Git LFS unavailable; original bytes preserved outside repository
EXT-000052	RAPTOR-S1	runs/raptor_reintegration_smoke_20260705/build_cache_backup/px4_sitl_raptor_sih_stale_workspace_cache_20260705T003534/src/modules/uxrce_dds_client/src/libmicroxrceddsclient_project-build/microcdr/src/microcdr/.git/logs/refs/heads/master	/mnt/nvme/px4_work/uav_sf_baton_external_20260712/runs/raptor_reintegration_smoke_20260705/build_cache_backup/px4_sitl_raptor_sih_stale_workspace_cache_20260705T003534/src/modules/uxrce_dds_client/src/libmicroxrceddsclient_project-build/microcdr/src/microcdr/.git/logs/refs/heads/master	file	177	a81fcaff58584aad144e33afaf3d5eef9a5a8fd1f5aa07e9e020549410053572	external_preserved	Git LFS unavailable; original bytes preserved outside repository
EXT-000053	RAPTOR-S1	runs/raptor_reintegration_smoke_20260705/build_cache_backup/px4_sitl_raptor_sih_stale_workspace_cache_20260705T003534/src/modules/uxrce_dds_client/src/libmicroxrceddsclient_project-build/microcdr/src/microcdr/.git/logs/refs/remotes/origin/HEAD	/mnt/nvme/px4_work/uav_sf_baton_external_20260712/runs/raptor_reintegration_smoke_20260705/build_cache_backup/px4_sitl_raptor_sih_stale_workspace_cache_20260705T003534/src/modules/uxrce_dds_client/src/libmicroxrceddsclient_project-build/microcdr/src/microcdr/.git/logs/refs/remotes/origin/HEAD	file	177	a81fcaff58584aad144e33afaf3d5eef9a5a8fd1f5aa07e9e020549410053572	external_preserved	Git LFS unavailable; original bytes preserved outside repository
EXT-000054	RAPTOR-S1	runs/raptor_reintegration_smoke_20260705/build_cache_backup/px4_sitl_raptor_sih_stale_workspace_cache_20260705T003534/src/modules/uxrce_dds_client/src/libmicroxrceddsclient_project-build/microcdr/src/microcdr/test/FullBuffer.cpp	/mnt/nvme/px4_work/uav_sf_baton_external_20260712/runs/raptor_reintegration_smoke_20260705/build_cache_backup/px4_sitl_raptor_sih_stale_workspace_cache_20260705T003534/src/modules/uxrce_dds_client/src/libmicroxrceddsclient_project-build/microcdr/src/microcdr/test/FullBuffer.cpp	cpp	1630	77bdcb536b73ea157a02cf51ea0e3c39f9d345b575532ea4c12f7ce40fa9488d	external_preserved	Git LFS unavailable; original bytes preserved outside repository
EXT-000055	RAPTOR-S1	runs/raptor_reintegration_smoke_20260705/build_cache_backup/px4_sitl_raptor_sih_stale_workspace_cache_20260705T003534/src/modules/uxrce_dds_client/src/libmicroxrceddsclient_project-build/microcdr/src/microcdr/test/CommonFunctions.cpp	/mnt/nvme/px4_work/uav_sf_baton_external_20260712/runs/raptor_reintegration_smoke_20260705/build_cache_backup/px4_sitl_raptor_sih_stale_workspace_cache_20260705T003534/src/modules/uxrce_dds_client/src/libmicroxrceddsclient_project-build/microcdr/src/microcdr/test/CommonFunctions.cpp	cpp	6110	07a26d88a256f2a3e0a039b5fa302d01b05a1f4a68995f0b17d4fcf55c63ba4e	external_preserved	Git LFS unavailable; original bytes preserved outside repository
EXT-000056	RAPTOR-S1	runs/raptor_reintegration_smoke_20260705/build_cache_backup/px4_sitl_raptor_sih_stale_workspace_cache_20260705T003534/src/modules/uxrce_dds_client/src/libmicroxrceddsclient_project-build/microcdr/src/microcdr/test/Alignment.cpp	/mnt/nvme/px4_work/uav_sf_baton_external_20260712/runs/raptor_reintegration_smoke_20260705/build_cache_backup/px4_sitl_raptor_sih_stale_workspace_cache_20260705T003534/src/modules/uxrce_dds_client/src/libmicroxrceddsclient_project-build/microcdr/src/microcdr/test/Alignment.cpp	cpp	1912	557f3d49e935174ee31ae877f3a41f85bacdcc894fe1064bebe63fa7011689bb	external_preserved	Git LFS unavailable; original bytes preserved outside repository
EXT-000057	RAPTOR-S1	runs/raptor_reintegration_smoke_20260705/build_cache_backup/px4_sitl_raptor_sih_stale_workspace_cache_20260705T003534/src/modules/uxrce_dds_client/src/libmicroxrceddsclient_project-build/microcdr/src/microcdr/test/FullBufferCallback.cpp	/mnt/nvme/px4_work/uav_sf_baton_external_20260712/runs/raptor_reintegration_smoke_20260705/build_cache_backup/px4_sitl_raptor_sih_stale_workspace_cache_20260705T003534/src/modules/uxrce_dds_client/src/libmicroxrceddsclient_project-build/microcdr/src/microcdr/test/FullBufferCallback.cpp	cpp	2346	8f615c67365779e85a2694628eb2852e10130e457fb0d36d1a719c3e3fc469b4	external_preserved	Git LFS unavailable; original bytes preserved outside repository
EXT-000058	RAPTOR-S1	runs/raptor_reintegration_smoke_20260705/build_cache_backup/px4_sitl_raptor_sih_stale_workspace_cache_20260705T003534/src/modules/uxrce_dds_client/src/libmicroxrceddsclient_project-build/microcdr/src/microcdr/test/FullBuffer.hpp	/mnt/nvme/px4_work/uav_sf_baton_external_20260712/runs/raptor_reintegration_smoke_20260705/build_cache_backup/px4_sitl_raptor_sih_stale_workspace_cache_20260705T003534/src/modules/uxrce_dds_client/src/libmicroxrceddsclient_project-build/microcdr/src/microcdr/test/FullBuffer.hpp	hpp	3677	b5cb8c7076f39b1a9fedbb49d29722c546cd3cee0e030eea13112257f8727caf	external_preserved	Git LFS unavailable; original bytes preserved outside repository
EXT-000059	RAPTOR-S1	runs/raptor_reintegration_smoke_20260705/build_cache_backup/px4_sitl_raptor_sih_stale_workspace_cache_20260705T003534/src/modules/uxrce_dds_client/src/libmicroxrceddsclient_project-build/microcdr/src/microcdr/test/CMakeLists.txt	/mnt/nvme/px4_work/uav_sf_baton_external_20260712/runs/raptor_reintegration_smoke_20260705/build_cache_backup/px4_sitl_raptor_sih_stale_workspace_cache_20260705T003534/src/modules/uxrce_dds_client/src/libmicroxrceddsclient_project-build/microcdr/src/microcdr/test/CMakeLists.txt	txt	2117	7fca1a4fd7f30e57177667602fd6cf951aee419c681f213fbd509695bd05e783	external_preserved	Git LFS unavailable; original bytes preserved outside repository
EXT-000060	RAPTOR-S1	runs/raptor_reintegration_smoke_20260705/build_cache_backup/px4_sitl_raptor_sih_stale_workspace_cache_20260705T003534/src/modules/uxrce_dds_client/src/libmicroxrceddsclient_project-build/microcdr/src/microcdr/test/SequenceOverflow.cpp	/mnt/nvme/px4_work/uav_sf_baton_external_20260712/runs/raptor_reintegration_smoke_20260705/build_cache_backup/px4_sitl_raptor_sih_stale_workspace_cache_20260705T003534/src/modules/uxrce_dds_client/src/libmicroxrceddsclient_project-build/microcdr/src/microcdr/test/SequenceOverflow.cpp	cpp	2383	09a094bb3162059d8a5559a7d8893b49f299c49e6c1276edefb1321bb2be5406	external_preserved	Git LFS unavailable; original bytes preserved outside repository
EXT-000061	RAPTOR-S1	runs/raptor_reintegration_smoke_20260705/build_cache_backup/px4_sitl_raptor_sih_stale_workspace_cache_20260705T003534/src/modules/uxrce_dds_client/src/libmicroxrceddsclient_project-build/microcdr/src/microcdr/test/fragmentation/BasicFragmentation.cpp	/mnt/nvme/px4_work/uav_sf_baton_external_20260712/runs/raptor_reintegration_smoke_20260705/build_cache_backup/px4_sitl_raptor_sih_stale_workspace_cache_20260705T003534/src/modules/uxrce_dds_client/src/libmicroxrceddsclient_project-build/microcdr/src/microcdr/test/fragmentation/BasicFragmentation.cpp	cpp	2253	3068535ecbdcec102df59ea54a3f9360877b0c59b9a953cefb11b1c8194caea4	external_preserved	Git LFS unavailable; original bytes preserved outside repository
EXT-000062	RAPTOR-S1	runs/raptor_reintegration_smoke_20260705/build_cache_backup/px4_sitl_raptor_sih_stale_workspace_cache_20260705T003534/src/modules/uxrce_dds_client/src/libmicroxrceddsclient_project-build/microcdr/src/microcdr/test/fragmentation/ArrayFragmentation.cpp	/mnt/nvme/px4_work/uav_sf_baton_external_20260712/runs/raptor_reintegration_smoke_20260705/build_cache_backup/px4_sitl_raptor_sih_stale_workspace_cache_20260705T003534/src/modules/uxrce_dds_client/src/libmicroxrceddsclient_project-build/microcdr/src/microcdr/test/fragmentation/ArrayFragmentation.cpp	cpp	3951	f847ef26b69c62f4fa4da568a7184a8cb1727a130100338e509d28bdd1be4838	external_preserved	Git LFS unavailable; original bytes preserved outside repository
EXT-000063	RAPTOR-S1	runs/raptor_reintegration_smoke_20260705/build_cache_backup/px4_sitl_raptor_sih_stale_workspace_cache_20260705T003534/src/modules/uxrce_dds_client/src/libmicroxrceddsclient_project-build/microcdr/src/microcdr/test/cross_serialization/FastCDRSerialization.cpp	/mnt/nvme/px4_work/uav_sf_baton_external_20260712/runs/raptor_reintegration_smoke_20260705/build_cache_backup/px4_sitl_raptor_sih_stale_workspace_cache_20260705T003534/src/modules/uxrce_dds_client/src/libmicroxrceddsclient_project-build/microcdr/src/microcdr/test/cross_serialization/FastCDRSerialization.cpp	cpp	16196	a0f594b3118ea71f8961296db4c004c4c1b3f143a8689a2fd3cc7c2225a7f239	external_preserved	Git LFS unavailable; original bytes preserved outside repository
EXT-000064	RAPTOR-S1	runs/raptor_reintegration_smoke_20260705/build_cache_backup/px4_sitl_raptor_sih_stale_workspace_cache_20260705T003534/src/modules/uxrce_dds_client/src/libmicroxrceddsclient_project-build/microcdr/src/microcdr/test/cross_serialization/FastCDRSerialization.hpp	/mnt/nvme/px4_work/uav_sf_baton_external_20260712/runs/raptor_reintegration_smoke_20260705/build_cache_backup/px4_sitl_raptor_sih_stale_workspace_cache_20260705T003534/src/modules/uxrce_dds_client/src/libmicroxrceddsclient_project-build/microcdr/src/microcdr/test/cross_serialization/FastCDRSerialization.hpp	hpp	4770	2d3331a5e486d2ab3d21532094fdd89377a0fc49ef067576c48d7063dfedaa36	external_preserved	Git LFS unavailable; original bytes preserved outside repository
EXT-000065	RAPTOR-S1	runs/raptor_reintegration_smoke_20260705/build_cache_backup/px4_sitl_raptor_sih_stale_workspace_cache_20260705T003534/src/modules/uxrce_dds_client/src/libmicroxrceddsclient_project-build/microcdr/src/microcdr/test/endianness/SequenceEndianness.cpp	/mnt/nvme/px4_work/uav_sf_baton_external_20260712/runs/raptor_reintegration_smoke_20260705/build_cache_backup/px4_sitl_raptor_sih_stale_workspace_cache_20260705T003534/src/modules/uxrce_dds_client/src/libmicroxrceddsclient_project-build/microcdr/src/microcdr/test/endianness/SequenceEndianness.cpp	cpp	7030	ddca054a60b24020586d9c2c840a1af3a69ca10c7b0cc2cf1ccb57c01a737d07	external_preserved	Git LFS unavailable; original bytes preserved outside repository
EXT-000066	RAPTOR-S1	runs/raptor_reintegration_smoke_20260705/build_cache_backup/px4_sitl_raptor_sih_stale_workspace_cache_20260705T003534/src/modules/uxrce_dds_client/src/libmicroxrceddsclient_project-build/microcdr/src/microcdr/test/endianness/ArrayEndianness.cpp	/mnt/nvme/px4_work/uav_sf_baton_external_20260712/runs/raptor_reintegration_smoke_20260705/build_cache_backup/px4_sitl_raptor_sih_stale_workspace_cache_20260705T003534/src/modules/uxrce_dds_client/src/libmicroxrceddsclient_project-build/microcdr/src/microcdr/test/endianness/ArrayEndianness.cpp	cpp	4807	b5bd2fe60ca97b0e011724a702a130b6611681f5918ce37909899b62b2b61e4f	external_preserved	Git LFS unavailable; original bytes preserved outside repository
EXT-000067	RAPTOR-S1	runs/raptor_reintegration_smoke_20260705/build_cache_backup/px4_sitl_raptor_sih_stale_workspace_cache_20260705T003534/src/modules/uxrce_dds_client/src/libmicroxrceddsclient_project-build/microcdr/src/microcdr/test/endianness/BasicEndianness.cpp	/mnt/nvme/px4_work/uav_sf_baton_external_20260712/runs/raptor_reintegration_smoke_20260705/build_cache_backup/px4_sitl_raptor_sih_stale_workspace_cache_20260705T003534/src/modules/uxrce_dds_client/src/libmicroxrceddsclient_project-build/microcdr/src/microcdr/test/endianness/BasicEndianness.cpp	cpp	3622	23f84aabbaee59b2ea08f4678e077b78d23f2bdca902449ee078a7738a125ba0	external_preserved	Git LFS unavailable; original bytes preserved outside repository
EXT-000068	RAPTOR-S1	runs/raptor_reintegration_smoke_20260705/build_cache_backup/px4_sitl_raptor_sih_stale_workspace_cache_20260705T003534/src/modules/uxrce_dds_client/src/libmicroxrceddsclient_project-build/microcdr/src/microcdr/test/case/CMakeLists.txt	/mnt/nvme/px4_work/uav_sf_baton_external_20260712/runs/raptor_reintegration_smoke_20260705/build_cache_backup/px4_sitl_raptor_sih_stale_workspace_cache_20260705T003534/src/modules/uxrce_dds_client/src/libmicroxrceddsclient_project-build/microcdr/src/microcdr/test/case/CMakeLists.txt	txt	1367	f4392c3ab357995eda6b089df7f6fc89ed7530533b286449e1deaddb7d15247f	external_preserved	Git LFS unavailable; original bytes preserved outside repository
EXT-000069	RAPTOR-S1	runs/raptor_reintegration_smoke_20260705/build_cache_backup/px4_sitl_raptor_sih_stale_workspace_cache_20260705T003534/src/modules/uxrce_dds_client/src/libmicroxrceddsclient_project-build/microcdr/src/microcdr/test/case/installation/InstallationTest.cmake	/mnt/nvme/px4_work/uav_sf_baton_external_20260712/runs/raptor_reintegration_smoke_20260705/build_cache_backup/px4_sitl_raptor_sih_stale_workspace_cache_20260705T003534/src/modules/uxrce_dds_client/src/libmicroxrceddsclient_project-build/microcdr/src/microcdr/test/case/installation/InstallationTest.cmake	cmake	980	0907e8e311939b517c932ecb4e9edc04a0d0571c8358482f69ed8ba303640ac9	external_preserved	Git LFS unavailable; original bytes preserved outside repository
EXT-000070	RAPTOR-S1	runs/raptor_reintegration_smoke_20260705/build_cache_backup/px4_sitl_raptor_sih_stale_workspace_cache_20260705T003534/src/modules/uxrce_dds_client/src/libmicroxrceddsclient_project-build/microcdr/src/microcdr/test/case/packaging/Packaging.cmake	/mnt/nvme/px4_work/uav_sf_baton_external_20260712/runs/raptor_reintegration_smoke_20260705/build_cache_backup/px4_sitl_raptor_sih_stale_workspace_cache_20260705T003534/src/modules/uxrce_dds_client/src/libmicroxrceddsclient_project-build/microcdr/src/microcdr/test/case/packaging/Packaging.cmake	cmake	1199	39a261e8897095b20b94857df5002ef958381e62944dccd11cc88460e3cdbb04	external_preserved	Git LFS unavailable; original bytes preserved outside repository
EXT-000071	RAPTOR-S1	runs/raptor_reintegration_smoke_20260705/build_cache_backup/px4_sitl_raptor_sih_stale_workspace_cache_20260705T003534/src/modules/uxrce_dds_client/src/libmicroxrceddsclient_project-build/microcdr/src/microcdr/test/case/packaging/main.c	/mnt/nvme/px4_work/uav_sf_baton_external_20260712/runs/raptor_reintegration_smoke_20260705/build_cache_backup/px4_sitl_raptor_sih_stale_workspace_cache_20260705T003534/src/modules/uxrce_dds_client/src/libmicroxrceddsclient_project-build/microcdr/src/microcdr/test/case/packaging/main.c	c	56	fcacf03f0ed2b0b70d3374e11cee1a8024c4d332cb2751adb16c685aeb5a5cb4	external_preserved	Git LFS unavailable; original bytes preserved outside repository
EXT-000072	RAPTOR-S1	runs/raptor_reintegration_smoke_20260705/build_cache_backup/px4_sitl_raptor_sih_stale_workspace_cache_20260705T003534/src/modules/uxrce_dds_client/src/libmicroxrceddsclient_project-build/microcdr/src/microcdr/test/case/packaging/CMakeLists.txt	/mnt/nvme/px4_work/uav_sf_baton_external_20260712/runs/raptor_reintegration_smoke_20260705/build_cache_backup/px4_sitl_raptor_sih_stale_workspace_cache_20260705T003534/src/modules/uxrce_dds_client/src/libmicroxrceddsclient_project-build/microcdr/src/microcdr/test/case/packaging/CMakeLists.txt	txt	846	51295233779603dc63f57e804cecced59d490dcfee0f6ed2a3de22178a1db8cb	external_preserved	Git LFS unavailable; original bytes preserved outside repository
EXT-000073	RAPTOR-S1	runs/raptor_reintegration_smoke_20260705/build_cache_backup/px4_sitl_raptor_sih_stale_workspace_cache_20260705T003534/src/modules/uxrce_dds_client/src/libmicroxrceddsclient_project-build/microcdr/src/microcdr/test/serialization/ArraySerialization.cpp	/mnt/nvme/px4_work/uav_sf_baton_external_20260712/runs/raptor_reintegration_smoke_20260705/build_cache_backup/px4_sitl_raptor_sih_stale_workspace_cache_20260705T003534/src/modules/uxrce_dds_client/src/libmicroxrceddsclient_project-build/microcdr/src/microcdr/test/serialization/ArraySerialization.cpp	cpp	1546	c76562fc910e723995a7c140e7bdb6a25b96b664b5006a0aeb1b6a4a96c254a9	external_preserved	Git LFS unavailable; original bytes preserved outside repository
EXT-000074	RAPTOR-S1	runs/raptor_reintegration_smoke_20260705/build_cache_backup/px4_sitl_raptor_sih_stale_workspace_cache_20260705T003534/src/modules/uxrce_dds_client/src/libmicroxrceddsclient_project-build/microcdr/src/microcdr/test/serialization/SequenceSerialization.hpp	/mnt/nvme/px4_work/uav_sf_baton_external_20260712/runs/raptor_reintegration_smoke_20260705/build_cache_backup/px4_sitl_raptor_sih_stale_workspace_cache_20260705T003534/src/modules/uxrce_dds_client/src/libmicroxrceddsclient_project-build/microcdr/src/microcdr/test/serialization/SequenceSerialization.hpp	hpp	6943	e010be0b0ac19d08d768015f7d8e9892b6e4b2e9a6b2d05efbadda6c25d559a3	external_preserved	Git LFS unavailable; original bytes preserved outside repository
EXT-000075	RAPTOR-S1	runs/raptor_reintegration_smoke_20260705/build_cache_backup/px4_sitl_raptor_sih_stale_workspace_cache_20260705T003534/src/modules/uxrce_dds_client/src/libmicroxrceddsclient_project-build/microcdr/src/microcdr/test/serialization/StringSerialization.cpp	/mnt/nvme/px4_work/uav_sf_baton_external_20260712/runs/raptor_reintegration_smoke_20260705/build_cache_backup/px4_sitl_raptor_sih_stale_workspace_cache_20260705T003534/src/modules/uxrce_dds_client/src/libmicroxrceddsclient_project-build/microcdr/src/microcdr/test/serialization/StringSerialization.cpp	cpp	735	515fe30c9fc3e5b2708a681d1f43dc636faf87a8c2558c0251558e2c032b8094	external_preserved	Git LFS unavailable; original bytes preserved outside repository
EXT-000076	RAPTOR-S1	runs/raptor_reintegration_smoke_20260705/build_cache_backup/px4_sitl_raptor_sih_stale_workspace_cache_20260705T003534/src/modules/uxrce_dds_client/src/libmicroxrceddsclient_project-build/microcdr/src/microcdr/test/serialization/ArraySerialization.hpp	/mnt/nvme/px4_work/uav_sf_baton_external_20260712/runs/raptor_reintegration_smoke_20260705/build_cache_backup/px4_sitl_raptor_sih_stale_workspace_cache_20260705T003534/src/modules/uxrce_dds_client/src/libmicroxrceddsclient_project-build/microcdr/src/microcdr/test/serialization/ArraySerialization.hpp	hpp	6105	7c2b06550759b688ca1283762a0646da0baaf306e7c5b5fb1505c8688d868b92	external_preserved	Git LFS unavailable; original bytes preserved outside repository
EXT-000077	RAPTOR-S1	runs/raptor_reintegration_smoke_20260705/build_cache_backup/px4_sitl_raptor_sih_stale_workspace_cache_20260705T003534/src/modules/uxrce_dds_client/src/libmicroxrceddsclient_project-build/microcdr/src/microcdr/test/serialization/BasicSerialization.hpp	/mnt/nvme/px4_work/uav_sf_baton_external_20260712/runs/raptor_reintegration_smoke_20260705/build_cache_backup/px4_sitl_raptor_sih_stale_workspace_cache_20260705T003534/src/modules/uxrce_dds_client/src/libmicroxrceddsclient_project-build/microcdr/src/microcdr/test/serialization/BasicSerialization.hpp	hpp	5143	3e202a0ed88837e6cf968caeb3172100a1116c2ba72cc491cf00d60928cce253	external_preserved	Git LFS unavailable; original bytes preserved outside repository
EXT-000078	RAPTOR-S1	runs/raptor_reintegration_smoke_20260705/build_cache_backup/px4_sitl_raptor_sih_stale_workspace_cache_20260705T003534/src/modules/uxrce_dds_client/src/libmicroxrceddsclient_project-build/microcdr/src/microcdr/test/serialization/StringSerialization.hpp	/mnt/nvme/px4_work/uav_sf_baton_external_20260712/runs/raptor_reintegration_smoke_20260705/build_cache_backup/px4_sitl_raptor_sih_stale_workspace_cache_20260705T003534/src/modules/uxrce_dds_client/src/libmicroxrceddsclient_project-build/microcdr/src/microcdr/test/serialization/StringSerialization.hpp	hpp	1296	4b5a4a6021662da39b9e6c5d6083603aa853f0919c528be28e29535513460ac1	external_preserved	Git LFS unavailable; original bytes preserved outside repository
EXT-000079	RAPTOR-S1	runs/raptor_reintegration_smoke_20260705/build_cache_backup/px4_sitl_raptor_sih_stale_workspace_cache_20260705T003534/src/modules/uxrce_dds_client/src/libmicroxrceddsclient_project-build/microcdr/src/microcdr/test/serialization/BasicSerialization.cpp	/mnt/nvme/px4_work/uav_sf_baton_external_20260712/runs/raptor_reintegration_smoke_20260705/build_cache_backup/px4_sitl_raptor_sih_stale_workspace_cache_20260705T003534/src/modules/uxrce_dds_client/src/libmicroxrceddsclient_project-build/microcdr/src/microcdr/test/serialization/BasicSerialization.cpp	cpp	1475	b28abfaf8ec35c6b2bc81ffb177b24cba5b13090f8474781e261a5d401795f5e	external_preserved	Git LFS unavailable; original bytes preserved outside repository
EXT-000080	RAPTOR-S1	runs/raptor_reintegration_smoke_20260705/build_cache_backup/px4_sitl_raptor_sih_stale_workspace_cache_20260705T003534/src/modules/uxrce_dds_client/src/libmicroxrceddsclient_project-build/microcdr/src/microcdr/test/serialization/SequenceSerialization.cpp	/mnt/nvme/px4_work/uav_sf_baton_external_20260712/runs/raptor_reintegration_smoke_20260705/build_cache_backup/px4_sitl_raptor_sih_stale_workspace_cache_20260705T003534/src/modules/uxrce_dds_client/src/libmicroxrceddsclient_project-build/microcdr/src/microcdr/test/serialization/SequenceSerialization.cpp	cpp	1622	cbe55532734adb6d37398e2f173aff16bdb2f3fecb3395b4820dffbae794c4ea	external_preserved	Git LFS unavailable; original bytes preserved outside repository
EXT-000081	RAPTOR-S1	runs/raptor_reintegration_smoke_20260705/build_cache_backup/px4_sitl_raptor_sih_stale_workspace_cache_20260705T003534/src/modules/uxrce_dds_client/src/libmicroxrceddsclient_project-build/microcdr/src/microcdr/ci/valgrind.supp	/mnt/nvme/px4_work/uav_sf_baton_external_20260712/runs/raptor_reintegration_smoke_20260705/build_cache_backup/px4_sitl_raptor_sih_stale_workspace_cache_20260705T003534/src/modules/uxrce_dds_client/src/libmicroxrceddsclient_project-build/microcdr/src/microcdr/ci/valgrind.supp	supp	251	18d3165d67ec48465c32cc4fc1c47b49c1c04231926b6c9baa6adb9b683569d4	external_preserved	Git LFS unavailable; original bytes preserved outside repository
EXT-000082	RAPTOR-S1	runs/raptor_reintegration_smoke_20260705/build_cache_backup/px4_sitl_raptor_sih_stale_workspace_cache_20260705T003534/src/modules/uxrce_dds_client/src/libmicroxrceddsclient_project-build/microcdr/src/microcdr/ci/CTestJenkins.cmake	/mnt/nvme/px4_work/uav_sf_baton_external_20260712/runs/raptor_reintegration_smoke_20260705/build_cache_backup/px4_sitl_raptor_sih_stale_workspace_cache_20260705T003534/src/modules/uxrce_dds_client/src/libmicroxrceddsclient_project-build/microcdr/src/microcdr/ci/CTestJenkins.cmake	cmake	4129	f9dffe8cbcff5310b4d67ee2685ce95cb95592d19687dfde6a81b4ad2980f550	external_preserved	Git LFS unavailable; original bytes preserved outside repository
EXT-000083	RAPTOR-S1	runs/raptor_reintegration_smoke_20260705/build_cache_backup/px4_sitl_raptor_sih_stale_workspace_cache_20260705T003534/src/modules/uxrce_dds_client/src/libmicroxrceddsclient_project-build/microcdr/src/microcdr/ci/linux/CMakeLists.txt	/mnt/nvme/px4_work/uav_sf_baton_external_20260712/runs/raptor_reintegration_smoke_20260705/build_cache_backup/px4_sitl_raptor_sih_stale_workspace_cache_20260705T003534/src/modules/uxrce_dds_client/src/libmicroxrceddsclient_project-build/microcdr/src/microcdr/ci/linux/CMakeLists.txt	txt	3637	6a60f0945547426a232d96a66df24059ace1d71c403c017c5cb27b6bdd098e5e	external_preserved	Git LFS unavailable; original bytes preserved outside repository
EXT-000084	RAPTOR-S1	runs/raptor_reintegration_smoke_20260705/build_cache_backup/px4_sitl_raptor_sih_stale_workspace_cache_20260705T003534/src/modules/uxrce_dds_client/src/libmicroxrceddsclient_project-build/microcdr/src/microcdr/ci/windows/CMakeLists.txt	/mnt/nvme/px4_work/uav_sf_baton_external_20260712/runs/raptor_reintegration_smoke_20260705/build_cache_backup/px4_sitl_raptor_sih_stale_workspace_cache_20260705T003534/src/modules/uxrce_dds_client/src/libmicroxrceddsclient_project-build/microcdr/src/microcdr/ci/windows/CMakeLists.txt	txt	1399	697ac62edc3fa898a515591672624a058945ebb29bf1b9f63a6a7e965c828083	external_preserved	Git LFS unavailable; original bytes preserved outside repository
EXT-000085	RAPTOR-S1	runs/raptor_reintegration_smoke_20260705/build_cache_backup/px4_sitl_raptor_sih_stale_workspace_cache_20260705T003534/src/modules/uxrce_dds_client/src/libmicroxrceddsclient_project-build/microcdr/src/microcdr/src/c/common_internal.h	/mnt/nvme/px4_work/uav_sf_baton_external_20260712/runs/raptor_reintegration_smoke_20260705/build_cache_backup/px4_sitl_raptor_sih_stale_workspace_cache_20260705T003534/src/modules/uxrce_dds_client/src/libmicroxrceddsclient_project-build/microcdr/src/microcdr/src/c/common_internal.h	h	1358	51d35e9e8f68308d0679731f7253594b5a85ed0bfc9842a06ac7fc71f40a100b	external_preserved	Git LFS unavailable; original bytes preserved outside repository
EXT-000086	RAPTOR-S1	runs/raptor_reintegration_smoke_20260705/build_cache_backup/px4_sitl_raptor_sih_stale_workspace_cache_20260705T003534/src/modules/uxrce_dds_client/src/libmicroxrceddsclient_project-build/microcdr/src/microcdr/src/c/common.c	/mnt/nvme/px4_work/uav_sf_baton_external_20260712/runs/raptor_reintegration_smoke_20260705/build_cache_backup/px4_sitl_raptor_sih_stale_workspace_cache_20260705T003534/src/modules/uxrce_dds_client/src/libmicroxrceddsclient_project-build/microcdr/src/microcdr/src/c/common.c	c	5791	3dc5303ab25626db6d4e750dba61b98f5358461fd0c851c2c8b0be1f9823be26	external_preserved	Git LFS unavailable; original bytes preserved outside repository
EXT-000087	RAPTOR-S1	runs/raptor_reintegration_smoke_20260705/build_cache_backup/px4_sitl_raptor_sih_stale_workspace_cache_20260705T003534/src/modules/uxrce_dds_client/src/libmicroxrceddsclient_project-build/microcdr/src/microcdr/src/c/types/array.c	/mnt/nvme/px4_work/uav_sf_baton_external_20260712/runs/raptor_reintegration_smoke_20260705/build_cache_backup/px4_sitl_raptor_sih_stale_workspace_cache_20260705T003534/src/modules/uxrce_dds_client/src/libmicroxrceddsclient_project-build/microcdr/src/microcdr/src/c/types/array.c	c	7048	1f27f05871af0f8423805a1de4bc8836d720797ca75c43df5261fc26ecbd4512	external_preserved	Git LFS unavailable; original bytes preserved outside repository
EXT-000088	RAPTOR-S1	runs/raptor_reintegration_smoke_20260705/build_cache_backup/px4_sitl_raptor_sih_stale_workspace_cache_20260705T003534/src/modules/uxrce_dds_client/src/libmicroxrceddsclient_project-build/microcdr/src/microcdr/src/c/types/basic.c	/mnt/nvme/px4_work/uav_sf_baton_external_20260712/runs/raptor_reintegration_smoke_20260705/build_cache_backup/px4_sitl_raptor_sih_stale_workspace_cache_20260705T003534/src/modules/uxrce_dds_client/src/libmicroxrceddsclient_project-build/microcdr/src/microcdr/src/c/types/basic.c	c	10755	db9166700eb2cff3391d93744e1fc5527e53c893f0ff1894a792addc14df3987	external_preserved	Git LFS unavailable; original bytes preserved outside repository
EXT-000089	RAPTOR-S1	runs/raptor_reintegration_smoke_20260705/build_cache_backup/px4_sitl_raptor_sih_stale_workspace_cache_20260705T003534/src/modules/uxrce_dds_client/src/libmicroxrceddsclient_project-build/microcdr/src/microcdr/src/c/types/string.c	/mnt/nvme/px4_work/uav_sf_baton_external_20260712/runs/raptor_reintegration_smoke_20260705/build_cache_backup/px4_sitl_raptor_sih_stale_workspace_cache_20260705T003534/src/modules/uxrce_dds_client/src/libmicroxrceddsclient_project-build/microcdr/src/microcdr/src/c/types/string.c	c	1763	4070898bbd1d24b18c651a19190116bda38a2e45158551a113670d0cfe4fcf83	external_preserved	Git LFS unavailable; original bytes preserved outside repository
EXT-000090	RAPTOR-S1	runs/raptor_reintegration_smoke_20260705/build_cache_backup/px4_sitl_raptor_sih_stale_workspace_cache_20260705T003534/src/modules/uxrce_dds_client/src/libmicroxrceddsclient_project-build/microcdr/src/microcdr/src/c/types/sequence.c	/mnt/nvme/px4_work/uav_sf_baton_external_20260712/runs/raptor_reintegration_smoke_20260705/build_cache_backup/px4_sitl_raptor_sih_stale_workspace_cache_20260705T003534/src/modules/uxrce_dds_client/src/libmicroxrceddsclient_project-build/microcdr/src/microcdr/src/c/types/sequence.c	c	4249	2117c6a9f55a0f066053ab26522dd68f801d08b54fb12b5708bc0496d77d73c9	external_preserved	Git LFS unavailable; original bytes preserved outside repository
